[{"controllerIdentifier":"labelDetailController","label":"Label"},{"controllerIdentifier":"buttonDetailController","label":"Button"},{"controllerIdentifier":"switchDetailController","label":"Switch"},{"controllerIdentifier":"sliderDetailController","label":"Slider"},{"controllerIdentifier":"imageDetailController","label":"Image"},{"controllerIdentifier":"movieDetailController","label":"Movie"},{"controllerIdentifier":"separatorDetailController","label":"Separator"},{"controllerIdentifier":"mapDetailController","label":"Map"},{"controllerIdentifier":"groupDetailController","label":"Group"},{"controllerIdentifier":"tableDetailController","label":"Table"},{"controllerIdentifier":"deviceDetailController","label":"Device"},{"controllerIdentifier":"controllerDetailController","label":"Controller"},{"controllerIdentifier":"textInputDetailController","label":"Text Input"},{"controllerIdentifier":"crownDetailController","label":"Crown"},{"controllerIdentifier":"gestureDetailController","label":"Gestures"}]